{"cameraMode":{"drawMode":0,"name":"Shaded","section":"Shading Mode"},"sceneLighting":true,"audioPlay":false,"sceneViewState":{"showFog":true,"showMaterialUpdate":false,"showSkybox":true,"showFlares":true,"showImageEffects":true,"showParticleSystems":true},"in2DMode":false,"pivot":{"x":19.02273178100586,"y":24.716480255126954,"z":-1.8076838254928589},"rotation":{"x":-0.3050246834754944,"y":0.5798044204711914,"z":-0.24771979451179505,"w":-0.713808000087738},"size":8.819798469543457,"orthographic":false}