{"cameraMode":{"drawMode":0,"name":"Shaded","section":"Shading Mode"},"sceneLighting":false,"audioPlay":false,"sceneViewState":{"showFog":true,"showMaterialUpdate":false,"showSkybox":false,"showFlares":true,"showImageEffects":true,"showParticleSystems":true},"in2DMode":false,"pivot":{"x":-0.9171462059020996,"y":3.4350008964538576,"z":6.335000038146973},"rotation":{"x":-0.3050246834754944,"y":0.5798044204711914,"z":-0.24771979451179505,"w":-0.713808000087738},"size":15.4758939743042,"orthographic":false}