{"cameraMode":{"drawMode":0,"name":"Shaded","section":"Shading Mode"},"sceneLighting":true,"audioPlay":false,"sceneViewState":{"showFog":true,"showMaterialUpdate":false,"showSkybox":true,"showFlares":true,"showImageEffects":true,"showParticleSystems":true},"in2DMode":false,"pivot":{"x":-11.778129577636719,"y":10.414810180664063,"z":14.676876068115235},"rotation":{"x":-0.14059770107269288,"y":0.7231405973434448,"z":-0.1543324887752533,"w":-0.6584668159484863},"size":49.9836311340332,"orthographic":false}